City_ID,City,Country,Date,Lat,Lng,Max Temp,Humidity,Cloudiness,Wind Speed
0,Guerrero Negro,MX,2021-07-11 10:32:43,27.9769,-114.0611,67.35,85,100,10.89
1,Nome,US,2021-07-11 10:34:24,64.5011,-165.4064,49.15,90,96,3.36
2,New Norfolk,AU,2021-07-11 10:32:52,-42.7826,147.0587,44.71,81,100,2.64
3,Imbituba,BR,2021-07-11 10:38:03,-28.24,-48.6703,57.81,76,1,4.76
4,Provideniya,RU,2021-07-11 10:33:05,64.3833,-173.3,53.28,81,90,2.06
5,Leningradskiy,RU,2021-07-11 10:33:59,69.3833,178.4167,39.56,89,84,9.86
6,Albany,US,2021-07-11 10:30:01,42.6001,-73.9662,60.62,94,84,0.63
7,Mataura,NZ,2021-07-11 10:33:03,-46.1927,168.8643,39.85,96,99,3.22
8,Pevek,RU,2021-07-11 10:32:11,69.7008,170.3133,43.11,75,62,6.22
9,Talnakh,RU,2021-07-11 10:33:11,69.4865,88.3972,52.72,39,59,5.06
10,Cidreira,BR,2021-07-11 10:33:09,-30.1811,-50.2056,58.32,93,7,2.19
11,Marawi,PH,2021-07-11 10:32:39,7.9986,124.2928,70.75,95,99,1.79
12,Ushuaia,AR,2021-07-11 10:32:59,-54.8,-68.3,33.46,75,40,14.97
13,Asau,RO,2021-07-11 10:39:27,46.4333,26.4,86.4,46,2,7.07
14,Kinarut,MY,2021-07-11 10:39:28,5.8231,116.0466,87.82,74,20,4.61
15,College,US,2021-07-11 10:38:02,64.8569,-147.8028,51.75,75,40,0.0
16,Vaini,TO,2021-07-11 10:33:10,-21.2,-175.2,71.76,94,75,3.44
17,Kapaa,US,2021-07-11 10:32:55,22.0752,-159.319,80.92,80,90,3.0
18,Sabha,LY,2021-07-11 10:31:30,27.0377,14.4283,102.7,13,0,7.05
19,Hobart,AU,2021-07-11 10:32:56,-42.8794,147.3294,45.05,83,0,4.0
20,East London,ZA,2021-07-11 10:32:53,-33.0153,27.9116,70.74,28,0,5.75
21,Tongliao,CN,2021-07-11 10:39:28,43.6125,122.2653,85.21,63,26,14.05
22,Port Elizabeth,ZA,2021-07-11 10:33:16,-33.918,25.5701,73.09,37,0,5.75
23,Saskylakh,RU,2021-07-11 10:37:38,71.9167,114.0833,48.47,38,95,9.57
24,Bluff,NZ,2021-07-11 10:33:02,-46.6,168.3333,46.69,74,90,11.32
25,Gander,CA,2021-07-11 10:39:28,48.9682,-54.5906,57.33,82,75,4.61
26,Khatanga,RU,2021-07-11 10:33:42,71.9667,102.5,51.26,37,99,12.28
27,Tripoli,LY,2021-07-11 10:39:29,32.8752,13.1875,82.92,59,0,13.0
28,Sitka,US,2021-07-11 10:33:22,57.0531,-135.33,51.69,82,90,3.44
29,Port Alfred,ZA,2021-07-11 10:33:00,-33.5906,26.891,71.91,27,0,7.61
30,Tasgaon,IN,2021-07-11 10:39:29,17.0333,74.6,75.42,86,95,16.62
31,Bethel,US,2021-07-11 10:37:18,41.3712,-73.414,70.16,93,78,0.87
32,Torbay,CA,2021-07-11 10:33:48,47.6666,-52.7314,61.75,94,90,8.05
33,Maraa,BR,2021-07-11 10:32:02,-1.8333,-65.3667,70.99,99,99,2.62
34,Ponta Do Sol,PT,2021-07-11 10:32:54,32.6667,-17.1,78.71,75,0,1.86
35,Ampanihy,MG,2021-07-11 10:39:29,-24.7,44.75,84.11,24,0,4.59
36,Ballina,AU,2021-07-11 10:39:30,-28.8667,153.5667,58.96,82,75,6.91
37,Punta Arenas,CL,2021-07-11 10:32:55,-53.15,-70.9167,32.11,100,90,17.27
38,Tuatapere,NZ,2021-07-11 10:37:49,-46.1333,167.6833,38.53,91,48,4.05
39,Namibe,AO,2021-07-11 10:37:36,-15.1961,12.1522,72.23,78,0,9.22
40,Rikitea,PF,2021-07-11 10:37:16,-23.1203,-134.9692,73.35,79,0,15.17
41,Gat,IL,2021-07-11 10:31:29,31.61,34.7642,96.4,39,0,13.94
42,Lagodekhi,GE,2021-07-11 10:39:30,41.8268,46.2767,81.5,43,5,5.21
43,Busselton,AU,2021-07-11 10:32:56,-33.65,115.3333,54.05,65,92,17.85
44,Yellowknife,CA,2021-07-11 10:37:19,62.456,-114.3525,59.29,100,75,3.44
45,Hilo,US,2021-07-11 10:31:59,19.7297,-155.09,73.27,94,90,3.44
46,Sao Filipe,CV,2021-07-11 10:33:25,14.8961,-24.4956,71.96,75,65,7.36
47,Cape Town,ZA,2021-07-11 10:32:49,-33.9258,18.4232,64.11,65,20,3.0
48,Ibimirim,BR,2021-07-11 10:39:31,-8.5406,-37.6903,74.1,70,90,14.79
49,Manzanillo,CU,2021-07-11 10:39:31,20.3433,-77.1167,73.26,86,19,4.88
50,Tasiilaq,GL,2021-07-11 10:32:08,65.6145,-37.6368,48.36,97,100,13.02
51,Poum,NC,2021-07-11 10:33:27,-20.2333,164.0167,71.35,67,99,20.24
52,Presidencia Roque Saenz Pena,AR,2021-07-11 10:34:05,-26.7852,-60.4388,58.69,87,67,5.93
53,Hofn,IS,2021-07-11 10:33:21,64.2539,-15.2082,53.62,87,90,8.05
54,Harbour Breton,CA,2021-07-11 10:39:31,47.4833,-55.7983,54.97,92,100,2.39
55,Bay-Khaak,RU,2021-07-11 10:39:32,51.1667,94.5,76.64,46,72,3.58
56,Pacific Grove,US,2021-07-11 10:33:03,36.6177,-121.9166,66.61,96,17,1.99
57,Saldanha,ZA,2021-07-11 10:33:18,-33.0117,17.9442,57.25,61,0,7.31
58,Dikson,RU,2021-07-11 10:37:25,73.5069,80.5464,35.17,99,100,19.71
59,Tuktoyaktuk,CA,2021-07-11 10:33:01,69.4541,-133.0374,53.28,65,100,14.99
60,Zunyi,CN,2021-07-11 10:39:32,27.6867,106.9072,77.38,80,100,10.8
61,Thompson,CA,2021-07-11 10:30:16,55.7435,-97.8558,64.56,77,1,2.3
62,Cherskiy,RU,2021-07-11 10:33:08,68.75,161.3,72.43,53,28,14.72
63,Bolitoc,PH,2021-07-11 10:39:32,15.7395,119.8769,84.34,78,68,3.4
64,Zhangye,CN,2021-07-11 10:33:14,38.9342,100.4517,87.53,23,67,5.28
65,Beringovskiy,RU,2021-07-11 10:37:29,63.05,179.3167,59.52,63,7,8.79
66,Castro,BR,2021-07-11 10:33:17,-24.7911,-50.0119,50.29,81,0,1.54
67,Sept-Iles,CA,2021-07-11 10:39:33,50.2001,-66.3821,57.06,90,75,1.99
68,Bredasdorp,ZA,2021-07-11 10:32:51,-34.5322,20.0403,64.27,51,0,5.75
69,De-Kastri,RU,2021-07-11 10:39:33,51.4667,140.7833,58.24,99,75,6.26
70,Hithadhoo,MV,2021-07-11 10:32:57,-0.6,73.0833,82.31,71,84,5.5
71,Fare,PF,2021-07-11 10:33:10,-16.7,-151.0167,80.15,72,59,21.63
72,Grindavik,IS,2021-07-11 10:33:16,63.8424,-22.4338,57.56,94,90,10.36
73,Nizwa,OM,2021-07-11 10:39:33,22.9333,57.5333,109.26,19,26,8.9
74,Hambantota,LK,2021-07-11 10:37:50,6.1241,81.1185,84.54,84,75,10.36
75,Arraial Do Cabo,BR,2021-07-11 10:33:06,-22.9661,-42.0278,60.66,100,40,0.0
76,Codrington,AU,2021-07-11 10:33:21,-38.2667,141.9667,51.03,58,86,13.42
77,Constitucion,CL,2021-07-11 10:33:37,-35.3333,-72.4167,42.64,80,3,7.16
78,Mechetinskaya,RU,2021-07-11 10:39:34,46.7713,40.456,94.59,30,44,4.92
79,Husavik,IS,2021-07-11 10:32:57,66.0449,-17.3389,49.91,82,73,7.81
80,Simao,CN,2021-07-11 10:39:34,22.7886,100.9748,72.7,87,100,2.68
81,Shizunai,JP,2021-07-11 10:39:34,42.3339,142.3669,64.18,96,100,7.72
82,Ternate,ID,2021-07-11 10:33:04,0.8,127.4,80.49,81,98,4.05
83,Lagoa,PT,2021-07-11 10:32:45,39.05,-27.9833,66.06,72,100,17.4
84,Atuona,PF,2021-07-11 10:33:06,-9.8,-139.0333,77.97,79,30,20.56
85,Longyearbyen,SJ,2021-07-11 10:37:23,78.2186,15.6401,42.64,75,75,16.11
86,Saint-Augustin,CA,2021-07-11 10:37:43,51.226,-58.6502,59.81,72,4,2.44
87,Igrim,RU,2021-07-11 10:39:35,63.1906,64.4162,70.43,31,17,4.76
88,Ghanzi,BW,2021-07-11 10:39:35,-21.5667,21.7833,72.19,17,0,9.04
89,Taunggyi,MM,2021-07-11 10:39:35,20.7833,97.0333,72.64,86,70,2.39
90,Naze,JP,2021-07-11 10:32:23,28.3667,129.4833,81.52,83,97,4.34
91,Lebu,CL,2021-07-11 10:32:57,-37.6167,-73.65,45.75,80,6,13.24
92,Jamestown,US,2021-07-11 10:33:57,42.097,-79.2353,63.99,95,1,8.05
93,Kayerkan,RU,2021-07-11 10:39:36,69.3497,87.7602,50.74,44,66,8.21
94,Campoverde,PE,2021-07-11 10:39:36,-8.4753,-74.8058,68.9,99,73,1.3
95,Hami,CN,2021-07-11 10:31:58,42.8,93.45,99.77,16,29,5.08
96,Davila,PH,2021-07-11 10:39:36,18.4726,120.5763,85.98,77,97,1.03
97,Esperance,AU,2021-07-11 10:33:28,-33.8667,121.9,51.64,66,20,5.68
98,Pochutla,MX,2021-07-11 10:33:37,15.7432,-96.4661,76.82,89,65,5.66
99,Mar Del Plata,AR,2021-07-11 10:29:12,-38.0023,-57.5575,46.0,75,0,17.0
100,Cabra,ES,2021-07-11 10:39:37,37.4725,-4.4421,102.18,28,60,1.01
101,Chicama,PE,2021-07-11 10:32:57,-7.8447,-79.1469,63.07,92,52,2.26
102,Axim,GH,2021-07-11 10:31:55,4.8699,-2.2405,81.82,61,59,7.27
103,Bushehr,IR,2021-07-11 10:39:37,28.9684,50.8385,98.69,59,5,18.41
104,Jacareacanga,BR,2021-07-11 10:39:37,-6.2222,-57.7528,73.83,64,97,2.06
105,Souillac,MU,2021-07-11 10:33:58,-20.5167,57.5167,77.38,53,40,17.27
106,Butaritari,KI,2021-07-11 10:33:11,3.0707,172.7902,82.26,75,93,13.49
107,Piacabucu,BR,2021-07-11 10:39:37,-10.4056,-36.4344,76.39,82,29,7.25
108,Lompoc,US,2021-07-11 10:33:06,34.6391,-120.4579,62.28,75,90,3.44
109,Sirjan,IR,2021-07-11 10:39:38,29.452,55.6814,102.25,7,7,7.23
110,Cayenne,GF,2021-07-11 10:33:46,4.9333,-52.3333,77.09,90,20,3.0
111,Macau,MO,2021-07-11 10:38:15,22.2006,113.5461,90.07,74,20,10.36
112,Puerto Ayora,EC,2021-07-11 10:31:19,-0.7393,-90.3518,70.56,88,56,3.0
113,Tahta,EG,2021-07-11 10:39:38,26.7693,31.5021,98.92,18,16,12.35
114,Craigieburn,AU,2021-07-11 10:39:38,-37.6,144.95,52.11,78,0,4.61
115,Orotukan,RU,2021-07-11 10:39:39,62.2667,151.7,64.63,62,2,13.69
116,Faanui,PF,2021-07-11 10:33:15,-16.4833,-151.75,80.28,73,27,22.93
117,Puerto Baquerizo Moreno,EC,2021-07-11 10:32:52,-0.9,-89.6,70.74,77,48,10.92
118,Ketchikan,US,2021-07-11 10:33:36,55.3422,-131.6461,57.67,94,90,5.75
119,Segou,ML,2021-07-11 10:32:44,13.4317,-6.2157,85.78,53,57,6.35
120,Kahului,US,2021-07-11 10:31:24,20.8947,-156.47,75.22,73,1,16.11
121,Upernavik,GL,2021-07-11 10:33:07,72.7868,-56.1549,38.57,68,25,9.73
122,Fortuna,US,2021-07-11 10:33:19,40.5982,-124.1573,54.86,95,90,0.0
123,Carutapera,BR,2021-07-11 10:34:15,-1.195,-46.02,79.09,88,72,6.67
124,Marienburg,PL,2021-07-11 10:39:39,54.0359,19.0266,75.88,52,11,7.47
125,Aklavik,CA,2021-07-11 10:39:40,68.2191,-135.0107,59.83,41,70,8.93
126,Kodiak,US,2021-07-11 10:33:05,57.79,-152.4072,51.31,82,90,12.66
127,Valparaiso,CL,2021-07-11 10:31:31,-33.0393,-71.6273,49.48,78,0,0.0
128,Jiaocheng,CN,2021-07-11 10:39:40,24.6774,116.1389,83.89,73,100,3.56
129,Kaitangata,NZ,2021-07-11 10:32:41,-46.2817,169.8464,41.94,81,62,7.2
130,Saint-Philippe,RE,2021-07-11 10:33:12,-21.3585,55.7679,75.22,77,52,15.14
131,Semey,KZ,2021-07-11 10:37:51,50.4111,80.2275,80.82,41,0,11.18
132,Ilo,PE,2021-07-11 10:39:40,-17.6394,-71.3375,57.94,83,71,2.42
133,Kulhudhuffushi,MV,2021-07-11 10:39:41,6.6221,73.07,82.2,81,100,16.53
134,Puerto Escondido,MX,2021-07-11 10:34:40,15.85,-97.0667,77.04,81,63,5.59
135,Avarua,CK,2021-07-11 10:33:14,-21.2078,-159.775,75.25,83,40,8.05
136,Nantucket,US,2021-07-11 10:37:22,41.2835,-70.0995,66.96,93,1,6.91
137,Luderitz,NA,2021-07-11 10:34:01,-26.6481,15.1594,65.73,45,12,8.72
138,Yellandu,IN,2021-07-11 10:33:24,17.6,80.3333,83.79,75,100,7.87
139,Chokurdakh,RU,2021-07-11 10:32:52,70.6333,147.9167,58.24,74,99,5.21
140,Healdsburg,US,2021-07-11 10:39:41,38.6105,-122.8692,79.52,36,0,0.81
141,Neiafu,TO,2021-07-11 10:39:41,-18.65,-173.9833,77.27,84,5,15.46
142,Qaanaaq,GL,2021-07-11 10:32:57,77.484,-69.3632,35.98,75,51,2.33
143,Cobija,BO,2021-07-11 10:39:42,-11.0267,-68.7692,71.76,71,89,1.54
144,Ribeira Grande,PT,2021-07-11 10:31:49,38.5167,-28.7,70.2,56,20,19.57
145,Camopi,GF,2021-07-11 10:32:26,3.1655,-52.3158,72.09,98,80,1.07
146,Kieta,PG,2021-07-11 10:37:39,-6.2167,155.6333,79.11,84,92,5.59
147,Gamba,GA,2021-07-11 10:39:42,-2.65,10.0,78.33,73,67,8.21
148,Hamilton,US,2021-07-11 10:36:54,39.1834,-84.5333,70.65,95,40,1.01
149,Barrow,US,2021-07-11 10:32:55,71.2906,-156.7887,33.82,78,90,14.97
150,Oktyabrskiy,RU,2021-07-11 10:39:42,54.4815,53.471,73.98,43,13,13.65
151,Chokwe,MZ,2021-07-11 10:39:43,-24.5333,32.9833,82.54,29,0,4.79
152,Rocha,UY,2021-07-11 10:33:11,-34.4833,-54.3333,40.91,61,0,4.41
153,Ocean City,US,2021-07-11 10:39:43,39.2776,-74.5746,71.98,88,58,2.1
154,Vao,NC,2021-07-11 10:37:29,-22.6667,167.4833,69.96,66,36,25.55
155,Nanortalik,GL,2021-07-11 10:33:40,60.1432,-45.2371,41.85,95,100,2.68
156,Hudson Bay,CA,2021-07-11 10:39:43,52.85,-102.3842,63.61,66,0,4.94
157,Khasan,RU,2021-07-11 10:39:44,42.4308,130.6434,69.13,96,40,4.83
158,Broome,US,2021-07-11 10:34:16,42.2506,-75.833,62.47,88,91,2.3
159,Muramatsu,JP,2021-07-11 10:39:44,37.6833,139.1833,76.26,96,98,3.98
160,Kirkwood,US,2021-07-11 10:32:40,38.5834,-90.4068,69.39,93,90,0.0
161,Adrar,MR,2021-07-11 10:37:33,20.5022,-10.0711,95.32,21,50,14.61
162,Lubango,AO,2021-07-11 10:33:45,-14.9172,13.4925,73.85,15,2,4.36
163,Soe,ID,2021-07-11 10:39:44,-9.8607,124.284,64.78,87,82,6.78
164,Tuim,RU,2021-07-11 10:39:44,54.3417,89.9261,72.32,52,74,8.32
165,Pare,ID,2021-07-11 10:39:45,-7.7679,112.198,77.32,82,20,5.03
166,Cabo San Lucas,MX,2021-07-11 10:31:29,22.8909,-109.9124,82.51,56,19,4.0
167,Klaksvik,FO,2021-07-11 10:33:08,62.2266,-6.589,54.52,99,100,10.29
168,Berezovyy,RU,2021-07-11 10:39:45,51.6667,135.7,72.79,85,89,2.46
169,Cavadinesti,RO,2021-07-11 10:39:45,46.0667,28.0169,87.42,36,17,9.71
170,Airai,TL,2021-07-11 10:33:00,-8.9266,125.4092,57.4,86,88,4.03
171,Hermanus,ZA,2021-07-11 10:33:05,-34.4187,19.2345,64.8,55,0,5.44
172,Maldonado,UY,2021-07-11 10:39:46,-34.6667,-54.9167,38.59,67,0,5.14
173,Anadyr,RU,2021-07-11 10:39:46,64.75,177.4833,61.3,77,0,2.24
174,La Ronge,CA,2021-07-11 10:39:46,55.1001,-105.2842,68.25,64,20,3.44
175,Mount Gambier,AU,2021-07-11 10:31:34,-37.8333,140.7667,53.51,58,90,14.97
176,Ancud,CL,2021-07-11 10:33:02,-41.8697,-73.8203,46.22,88,100,3.98
177,Moree,AU,2021-07-11 10:39:46,-29.4667,149.85,50.02,81,1,4.61
178,Whitehorse,CA,2021-07-11 10:39:47,60.7161,-135.0538,47.17,65,40,10.0
179,Norman Wells,CA,2021-07-11 10:33:53,65.282,-126.8329,55.44,71,75,2.3
180,Coihaique,CL,2021-07-11 10:33:22,-45.5752,-72.0662,35.55,69,0,2.3
181,Tiksi,RU,2021-07-11 10:33:00,71.6872,128.8694,38.8,68,99,16.11
182,Bambous Virieux,MU,2021-07-11 10:33:13,-20.3428,57.7575,77.25,53,40,17.27
183,Tarko-Sale,RU,2021-07-11 10:39:47,64.9225,77.785,60.85,36,33,8.46
184,Victoria,HK,2021-07-11 10:32:09,22.2855,114.1577,90.32,72,53,7.0
185,Labuan,MY,2021-07-11 10:39:47,5.2767,115.2417,84.56,79,20,3.0
186,Skibbereen,IE,2021-07-11 10:39:48,51.55,-9.2667,62.4,71,100,12.03
187,Suda,RU,2021-07-11 10:39:48,59.1525,37.5582,80.71,30,2,5.46
188,Hualmay,PE,2021-07-11 10:32:55,-11.0964,-77.6139,62.29,86,91,5.75
189,Bacungan,PH,2021-07-11 10:39:48,9.9106,118.7022,81.3,79,51,5.66
190,Henties Bay,NA,2021-07-11 10:37:42,-22.116,14.2845,62.85,64,2,8.3
191,Caravelas,BR,2021-07-11 10:34:11,-17.7125,-39.2481,70.38,79,18,3.83
192,Rosario Do Sul,BR,2021-07-11 10:39:49,-30.2583,-54.9142,54.36,96,6,5.06
193,Mahebourg,MU,2021-07-11 10:33:31,-20.4081,57.7,77.29,53,40,17.27
194,Yar-Sale,RU,2021-07-11 10:37:32,66.8333,70.8333,64.76,38,20,16.04
195,Sargatskoye,RU,2021-07-11 10:39:49,55.6101,73.4972,82.33,32,52,5.01
196,Severo-Kurilsk,RU,2021-07-11 10:32:14,50.6789,156.125,51.84,95,100,7.16
197,Agua Verde,MX,2021-07-11 10:39:49,22.9,-106.05,82.04,79,79,3.85
198,Kununurra,AU,2021-07-11 10:39:49,-15.7667,128.7333,71.58,49,100,0.0
199,Amreli,IN,2021-07-11 10:39:50,21.6167,71.2333,89.17,58,100,17.34
200,Namatanai,PG,2021-07-11 10:33:49,-3.6667,152.4333,79.48,80,22,8.43
201,Manggar,ID,2021-07-11 10:32:00,-2.8833,108.2667,79.95,85,58,6.42
202,Vardo,NO,2021-07-11 10:37:54,70.3705,31.1107,50.2,74,14,7.16
203,Denpasar,ID,2021-07-11 10:39:28,-8.65,115.2167,82.06,83,20,13.8
204,Buraydah,SA,2021-07-11 10:37:31,26.326,43.975,113.45,5,10,3.67
205,Rawson,AR,2021-07-11 10:31:43,-43.3002,-65.1023,46.78,61,100,8.9
206,Kokopo,PG,2021-07-11 10:32:22,-4.352,152.2633,78.12,82,17,8.39
207,Sioux Lookout,CA,2021-07-11 10:33:25,50.1001,-91.917,66.58,88,90,4.61
208,Barreirinhas,BR,2021-07-11 10:39:50,-2.7469,-42.8264,77.14,89,91,8.59
209,Sterling,US,2021-07-11 10:34:52,39.0062,-77.4286,73.6,89,90,3.44
210,Bereda,ES,2021-07-11 10:32:07,43.2686,-7.5406,64.15,44,18,2.95
211,Quatre Cocos,MU,2021-07-11 10:33:41,-20.2078,57.7625,77.11,62,48,18.43
212,Bud,US,2021-07-11 10:39:51,39.447,-86.1758,69.89,99,100,5.21
213,Katsuura,JP,2021-07-11 10:33:14,35.1333,140.3,77.11,91,4,12.88
214,Turayf,SA,2021-07-11 10:39:51,31.6725,38.6637,98.85,20,0,4.61
215,Izhma,RU,2021-07-11 10:39:51,65.0083,53.9113,69.84,46,37,10.4
216,Carnarvon,AU,2021-07-11 10:33:10,-24.8667,113.6333,68.07,59,13,9.22
217,Waipawa,NZ,2021-07-11 10:37:46,-41.4122,175.5153,45.23,76,98,2.55
218,Emerald,AU,2021-07-11 10:32:41,-23.5333,148.1667,55.54,50,0,1.14
219,Atambua,ID,2021-07-11 10:39:52,-9.1061,124.8925,72.41,80,87,5.91
220,Pangnirtung,CA,2021-07-11 10:37:50,66.1451,-65.7125,47.43,73,20,2.82
221,Show Low,US,2021-07-11 10:39:52,34.2542,-110.0298,73.71,56,1,12.66
222,Takoradi,GH,2021-07-11 10:39:52,4.8845,-1.7554,81.25,64,63,7.74
223,Vermilion,US,2021-07-11 10:39:52,40.1667,-87.7506,69.4,94,99,5.99
224,Burnie,AU,2021-07-11 10:33:55,-41.0667,145.9167,50.92,85,100,7.9
225,Biltine,TD,2021-07-11 10:32:04,14.5333,20.9167,97.0,23,54,2.39
226,Noyabrsk,RU,2021-07-11 10:39:53,63.1994,75.4507,60.64,40,18,7.58
227,Suyan,PH,2021-07-11 10:39:53,6.0603,125.3853,78.35,89,94,3.06
228,Bubaque,GW,2021-07-11 10:39:53,11.2833,-15.8333,79.03,81,96,7.23
229,Troitsko-Pechorsk,RU,2021-07-11 10:39:53,62.7084,56.1964,67.71,35,44,8.32
230,Saint George,US,2021-07-11 10:33:30,37.1041,-113.5841,95.34,15,1,4.0
231,Cap Malheureux,MU,2021-07-11 10:34:28,-19.9842,57.6142,77.49,63,48,13.0
232,Hokitika,NZ,2021-07-11 10:39:54,-42.7167,170.9667,43.14,77,97,4.29
233,Belmonte,BR,2021-07-11 10:39:54,-15.8631,-38.8828,64.9,84,54,7.83
234,Udachnyy,RU,2021-07-11 10:39:54,66.4167,112.4,45.5,89,100,13.38
235,Portland,US,2021-07-11 10:33:04,45.5234,-122.6762,60.37,83,1,1.99
236,Lambarene,GA,2021-07-11 10:39:55,-0.7001,10.2406,82.29,64,58,3.76
237,Price,US,2021-07-11 10:37:45,39.5994,-110.8107,73.11,19,1,3.44
238,Calatayud,ES,2021-07-11 10:39:55,41.3535,-1.6432,95.56,25,44,3.27
239,Brae,GB,2021-07-11 10:33:06,60.3964,-1.353,57.11,81,82,9.24
240,Manzhouli,CN,2021-07-11 10:39:12,49.6,117.4333,71.08,55,100,1.9
241,Rio Grande,BR,2021-07-11 10:39:55,-32.035,-52.0986,50.95,76,0,3.0
242,Mount Darwin,ZW,2021-07-11 10:39:56,-16.7725,31.5838,75.78,29,0,7.47
243,Salalah,OM,2021-07-11 10:37:22,17.0151,54.0924,84.29,74,75,13.8
244,Morrope,PE,2021-07-11 10:39:56,-6.5417,-80.0111,63.79,90,25,5.84
245,Fallon,US,2021-07-11 10:39:56,39.4735,-118.7774,77.92,37,3,6.71
246,Alta Floresta,BR,2021-07-11 10:39:56,-9.8756,-56.0861,65.59,53,60,4.09
247,Kavaratti,IN,2021-07-11 10:33:20,10.5669,72.642,82.49,80,100,21.25
248,Lavrentiya,RU,2021-07-11 10:32:13,65.5833,-171.0,45.23,91,99,7.78
249,Lamar,US,2021-07-11 10:33:25,33.6668,-95.5836,69.53,96,98,6.55
250,Quepos,CR,2021-07-11 10:39:57,9.4236,-84.1652,76.3,82,100,3.49
251,Nikolskoye,RU,2021-07-11 10:37:21,59.7035,30.7861,93.09,26,9,8.61
252,Nova Olimpia,BR,2021-07-11 10:39:56,-14.7972,-57.2881,66.16,45,95,2.24
253,Padang,ID,2021-07-11 10:39:57,-0.9492,100.3543,84.25,86,97,4.56
254,Biak,ID,2021-07-11 10:38:12,-0.9131,122.8766,75.49,89,95,7.18
255,Houston,US,2021-07-11 10:35:49,29.7633,-95.3633,79.99,88,90,1.99
256,San Cristobal,VE,2021-07-11 10:31:51,7.7669,-72.225,63.16,95,96,2.98
257,Shingu,JP,2021-07-11 10:33:02,33.7333,135.9833,82.9,88,11,4.76
258,Zamora,EC,2021-07-11 10:39:58,-4.0692,-78.9567,66.2,100,100,2.44
259,Haines Junction,CA,2021-07-11 10:32:52,60.7522,-137.5108,39.15,87,100,1.14
260,Opuwo,NA,2021-07-11 10:31:21,-18.0607,13.84,77.09,17,3,12.39
261,Harper,LR,2021-07-11 10:31:45,4.375,-7.7169,81.41,62,63,8.43
262,Teguldet,RU,2021-07-11 10:39:58,57.3064,88.1667,78.39,36,87,4.47
263,Iqaluit,CA,2021-07-11 10:37:42,63.7506,-68.5145,46.13,75,75,5.99
264,Sassandra,CI,2021-07-11 10:39:58,4.95,-6.0833,82.22,64,59,7.05
265,Archidona,ES,2021-07-11 10:32:31,37.0965,-4.3887,101.23,21,42,9.82
266,Kamenka,RU,2021-07-11 10:39:59,51.3223,42.7678,86.9,43,8,9.71
267,Tyup,KG,2021-07-11 10:32:04,42.7276,78.3648,75.07,44,84,7.43
268,Syrskoye,RU,2021-07-11 10:39:59,52.5744,39.4966,86.52,45,14,10.18
269,Todi,IT,2021-07-11 10:39:59,42.7799,12.4046,91.22,23,0,4.81
270,Kiama,AU,2021-07-11 10:39:59,-34.6833,150.8667,50.38,91,65,1.01
271,Suruc,TR,2021-07-11 10:40:00,36.9761,38.425,98.8,17,0,9.66
272,Missoula,US,2021-07-11 10:40:00,47.0166,-113.8009,52.56,37,0,0.38
273,Perevolotskiy,RU,2021-07-11 10:40:00,51.8763,54.1938,80.98,35,10,17.07
274,Balaipungut,ID,2021-07-11 10:39:55,1.05,101.2833,84.61,94,100,3.53
275,Leshukonskoye,RU,2021-07-11 10:40:00,64.8989,45.7622,74.59,45,43,9.46
276,Ambilobe,MG,2021-07-11 10:33:20,-13.2,49.05,89.76,35,6,7.16
277,Trairi,BR,2021-07-11 10:40:01,-3.2778,-39.2689,76.78,84,31,9.95
278,Cordoba,AR,2021-07-11 10:40:01,-31.4135,-64.1811,49.75,36,0,5.75
279,Sao Joao Da Barra,BR,2021-07-11 10:37:20,-21.6403,-41.0511,62.69,85,7,4.52
280,Chandbali,IN,2021-07-11 10:40:01,20.7833,86.7667,88.95,62,100,12.28
281,Port Lincoln,AU,2021-07-11 10:37:28,-34.7333,135.8667,55.81,86,7,15.46
282,Omsukchan,RU,2021-07-11 10:31:57,62.5333,155.8,56.05,84,30,8.05
283,Kisangani,CD,2021-07-11 10:40:02,0.5167,25.2,91.53,40,100,2.57
284,Goderich,CA,2021-07-11 10:30:16,43.7501,-81.7165,58.91,88,100,5.75
285,Pundaguitan,PH,2021-07-11 10:40:02,6.3711,126.1689,84.16,74,53,10.13
286,Chibombo,ZM,2021-07-11 10:40:02,-14.6569,28.0706,74.1,29,0,10.47
287,Lerwick,GB,2021-07-11 10:40:02,60.1545,-1.1494,57.2,80,100,8.84
288,Ruangwa,TZ,2021-07-11 10:40:03,-10.0667,38.9333,85.24,34,16,6.31
289,Kenora,CA,2021-07-11 10:37:53,49.8167,-94.4337,69.78,64,75,8.05
290,Urengoy,RU,2021-07-11 10:40:04,65.9667,78.3667,61.0,35,46,8.25
291,Sume,BR,2021-07-11 10:40:04,-7.6717,-36.88,74.01,63,96,13.22
292,Sibolga,ID,2021-07-11 10:38:11,1.7427,98.7792,79.11,87,98,4.92
293,Yumen,CN,2021-07-11 10:33:14,40.2833,97.2,90.46,16,0,9.06
294,Russell,US,2021-07-11 10:40:04,32.3502,-85.1999,73.11,93,75,3.44
295,Sorland,NO,2021-07-11 10:37:27,67.667,12.6934,69.87,86,91,9.17
296,Lakes Entrance,AU,2021-07-11 10:40:04,-37.8811,147.981,44.19,87,100,5.55
297,Chuy,UY,2021-07-11 10:33:24,-33.6971,-53.4616,42.49,79,0,2.98
298,Oyama,JP,2021-07-11 10:40:05,36.3,139.8,79.59,92,70,7.78
299,Port-Cartier,CA,2021-07-11 10:40:05,50.0334,-66.8654,56.75,67,98,4.16
300,Clyde River,CA,2021-07-11 10:33:54,70.4692,-68.5914,41.23,87,90,2.3
301,Kruszwica,PL,2021-07-11 10:40:05,52.6756,18.3313,80.15,46,6,6.51
302,Kobelyaky,UA,2021-07-11 10:40:06,49.1489,34.1965,88.68,36,4,10.11
303,Vad,RU,2021-07-11 10:40:06,55.5301,44.2114,79.74,41,12,10.11
304,Nishihara,JP,2021-07-11 10:32:55,26.1842,127.7558,85.28,85,75,3.44
305,Egvekinot,RU,2021-07-11 10:37:51,66.3167,-179.1667,49.19,83,99,2.93
306,Kismayo,SO,2021-07-11 10:40:06,-0.3582,42.5454,81.55,68,19,19.48
307,Saa,CM,2021-07-11 10:40:07,4.3667,11.45,77.54,74,100,2.01
308,Dudinka,RU,2021-07-11 10:40:07,69.4058,86.1778,55.15,39,82,11.1
309,Taksimo,RU,2021-07-11 10:40:07,56.3444,114.8794,61.29,84,100,2.55
310,Vila Velha,BR,2021-07-11 10:31:02,-20.3297,-40.2925,60.75,94,20,0.0
311,Fort Nelson,CA,2021-07-11 10:33:25,58.8053,-122.7002,53.19,82,75,4.61
312,Yerbogachen,RU,2021-07-11 10:40:07,61.2767,108.0108,68.16,55,93,1.25
313,Honiara,SB,2021-07-11 10:37:37,-9.4333,159.95,77.54,86,100,6.11
314,Popondetta,PG,2021-07-11 10:40:08,-8.7537,148.2534,73.36,90,41,2.75
315,Daryapur,IN,2021-07-11 10:40:08,20.9333,77.3333,92.97,49,90,4.16
316,Curup,ID,2021-07-11 10:40:08,-3.4667,102.5333,70.03,98,89,3.58
317,Svetlaya,RU,2021-07-11 10:40:08,46.5389,138.3297,62.94,99,87,9.73
318,Novovarshavka,RU,2021-07-11 10:40:09,54.1721,74.6946,80.58,35,0,6.67
319,Tazovskiy,RU,2021-07-11 10:40:09,67.4667,78.7,53.53,49,50,9.82
320,Fohnsdorf,AT,2021-07-11 10:40:09,47.2183,14.6819,74.71,53,75,3.44
321,Ilulissat,GL,2021-07-11 10:33:00,69.2167,-51.1,46.42,66,98,3.44
322,Puerto Penasco,MX,2021-07-11 10:40:10,31.3167,-113.5333,87.91,71,100,25.99
323,Bodden Town,KY,2021-07-11 10:33:09,19.2833,-81.25,81.93,93,10,1.99
324,Plettenberg Bay,ZA,2021-07-11 10:37:27,-34.0527,23.3716,64.96,34,0,5.26
325,Pingxiang,CN,2021-07-11 10:40:10,27.6167,113.85,86.36,67,89,4.03
326,Bengkulu,ID,2021-07-11 10:33:16,-3.8004,102.2655,80.22,80,80,2.75
327,Punta De Bombon,PE,2021-07-11 10:40:10,-17.1717,-71.7931,59.32,81,92,1.5
328,Royan,FR,2021-07-11 10:40:11,45.6285,-1.0281,74.08,60,19,3.98
329,Churapcha,RU,2021-07-11 10:38:01,62.0025,132.4325,62.22,45,73,7.92
330,Belaya Gora,RU,2021-07-11 10:34:29,68.5333,146.4167,70.09,62,80,12.12
331,Wigan,GB,2021-07-11 10:40:11,53.5333,-2.6167,71.44,70,93,4.0
332,Acajutla,SV,2021-07-11 10:40:11,13.5928,-89.8275,76.8,67,100,5.21
333,Geraldton,AU,2021-07-11 10:33:12,-28.7667,114.6,57.61,77,12,10.36
334,Touros,BR,2021-07-11 10:33:16,-5.1989,-35.4608,74.3,69,7,14.23
335,Half Moon Bay,US,2021-07-11 10:29:49,37.4636,-122.4286,70.02,84,1,0.0
336,Gisborne,NZ,2021-07-11 10:40:12,-38.6533,178.0042,42.94,72,100,6.98
337,Port Keats,AU,2021-07-11 10:40:12,-14.25,129.55,74.93,46,38,3.38
338,Wanning,CN,2021-07-11 10:37:50,18.8003,110.3967,84.18,77,39,6.6
339,Port-Gentil,GA,2021-07-11 10:37:55,-0.7193,8.7815,82.36,74,75,12.66
340,Turkmenabat,TM,2021-07-11 10:40:12,39.0733,63.5786,91.38,24,90,11.5
341,Sorgun,TR,2021-07-11 10:40:13,39.8101,35.186,79.79,39,14,10.38
342,Shenjiamen,CN,2021-07-11 10:40:13,29.9576,122.298,78.67,90,100,19.44
343,Campechuela,CU,2021-07-11 10:40:13,20.2342,-77.2789,74.19,86,11,4.59
344,Tabou,CI,2021-07-11 10:32:13,4.423,-7.3528,80.6,64,66,7.85
345,Camapua,BR,2021-07-11 10:40:13,-19.5314,-54.0439,62.53,46,0,5.21
346,Sedalia,US,2021-07-11 10:38:10,38.7045,-93.2283,66.85,94,90,8.05
347,Bollnas,SE,2021-07-11 10:40:14,61.3482,16.3946,70.39,60,89,10.56
348,Diamantino,BR,2021-07-11 10:39:02,-14.4086,-56.4461,66.16,46,75,3.38
349,Dingle,PH,2021-07-11 10:32:48,10.9995,122.6711,80.46,84,63,5.03
350,Suntar,RU,2021-07-11 10:34:20,62.1444,117.6319,68.31,55,99,1.16
351,Kamen,DE,2021-07-11 10:40:14,51.6,7.6667,68.72,73,75,8.05
352,Ostersund,SE,2021-07-11 10:34:26,63.1792,14.6357,70.25,68,20,6.91
353,Ikirun,NG,2021-07-11 10:40:14,7.9167,4.6667,78.44,74,90,5.28
354,Anshun,CN,2021-07-11 10:31:48,26.25,105.9333,71.89,85,93,18.03
355,Empalme,MX,2021-07-11 10:35:34,27.9667,-110.8167,85.21,73,100,9.28
356,Muros,ES,2021-07-11 10:33:03,42.7762,-9.0603,76.08,64,7,11.81
357,Caborca,MX,2021-07-11 10:40:15,30.5838,-111.101,79.48,61,91,2.86
358,Alzamay,RU,2021-07-11 10:40:15,55.5562,98.6644,73.24,52,54,2.19
359,Atasu,KZ,2021-07-11 10:40:15,48.6814,71.6433,75.85,40,90,11.05
360,Atar,MR,2021-07-11 10:40:16,20.5169,-13.0499,94.59,21,28,10.45
361,Ulagan,RU,2021-07-11 10:40:16,50.6321,87.9563,55.54,94,98,3.13
362,Agadir,MA,2021-07-11 10:40:16,30.4202,-9.5982,100.85,42,87,3.69
363,Hovd,MN,2021-07-11 10:37:35,48.0056,91.6419,78.87,26,89,5.5
364,Gondanglegi,ID,2021-07-11 10:33:53,-7.7479,112.0132,78.3,78,10,4.65
365,Saint-Francois,FR,2021-07-11 10:33:52,46.4154,3.9054,74.68,61,40,2.3
366,Narsaq,GL,2021-07-11 10:34:06,60.9167,-46.05,48.42,85,98,5.48
367,Kavieng,PG,2021-07-11 10:32:21,-2.5744,150.7967,81.75,78,29,12.71
368,Campeche,MX,2021-07-11 10:40:16,19.0,-90.5,72.82,95,8,4.16
369,Ivybridge,GB,2021-07-11 10:40:17,50.3904,-3.9191,63.75,90,100,13.06
370,Caraballeda,VE,2021-07-11 10:40:17,10.6112,-66.8522,77.07,83,87,4.61
371,Guanambi,BR,2021-07-11 10:40:17,-14.2233,-42.7814,70.18,55,5,12.8
372,Thinadhoo,MV,2021-07-11 10:40:17,0.5333,72.9333,82.63,72,100,8.34
373,San Jeronimo,PE,2021-07-11 10:33:40,-11.9472,-75.2829,44.02,82,78,2.01
374,Maryborough,AU,2021-07-11 10:40:18,-25.5333,152.7,60.12,90,3,4.5
375,Sakakah,SA,2021-07-11 10:40:18,29.9697,40.2064,107.17,9,0,3.04
376,Mehamn,NO,2021-07-11 10:34:04,71.0357,27.8492,50.81,63,27,9.62
377,Safaga,EG,2021-07-11 10:38:06,26.7292,33.9365,96.75,46,11,11.12
378,Arica,CL,2021-07-11 10:40:18,-18.475,-70.3042,59.23,77,90,3.44
379,Rumoi,JP,2021-07-11 10:40:19,43.9344,141.6428,68.38,90,91,3.27
380,Vestmannaeyjar,IS,2021-07-11 10:33:13,63.4427,-20.2734,52.79,93,90,10.36
381,Nara,JP,2021-07-11 10:36:01,34.6851,135.8049,83.97,94,2,4.63
382,Mae Ramat,TH,2021-07-11 10:40:19,16.984,98.5166,80.92,93,71,2.55
383,Abnub,EG,2021-07-11 10:33:34,27.2696,31.1511,97.02,19,5,12.55
384,Pilar,BR,2021-07-11 10:36:54,-9.5972,-35.9567,69.73,86,26,2.64
385,Shelburne,CA,2021-07-11 10:40:19,44.0787,-80.2041,60.76,84,100,3.65
386,Liverpool,GB,2021-07-11 10:40:20,53.4106,-2.9779,71.58,71,61,5.01
387,Alugan,PH,2021-07-11 10:33:06,12.2188,125.4808,81.79,82,48,6.64
388,Kruisfontein,ZA,2021-07-11 10:33:38,-34.0033,24.7314,70.88,22,0,9.55
389,Lufilufi,WS,2021-07-11 10:40:20,-13.8745,-171.5986,74.98,80,31,19.86
390,Doaba,PK,2021-07-11 10:40:20,33.4244,70.7364,103.51,22,18,9.46
391,Pontianak,ID,2021-07-11 10:40:20,-0.0333,109.3333,76.98,100,40,5.75
392,Chitral,PK,2021-07-11 10:40:21,35.8462,71.7858,95.18,28,1,10.69
393,Nuuk,GL,2021-07-11 10:31:37,64.1835,-51.7216,45.21,87,75,10.36
394,Garissa,KE,2021-07-11 10:40:21,-0.4536,39.6401,90.91,34,85,20.29
395,Mercedes,AR,2021-07-11 10:32:45,-34.6515,-59.4307,40.86,54,0,6.49
396,Sinnamary,GF,2021-07-11 10:32:48,5.3833,-52.95,76.77,89,39,5.01
397,Aitape,PG,2021-07-11 10:31:32,-3.1374,142.3475,79.61,86,91,5.7
398,Wajima,JP,2021-07-11 10:40:21,37.4,136.9,75.88,94,75,6.91
399,Innisfail,AU,2021-07-11 10:36:38,-17.5333,146.0333,64.85,78,32,4.88
400,Palembang,ID,2021-07-11 10:40:22,-2.9167,104.7458,82.49,78,20,6.91
401,Kaeo,NZ,2021-07-11 10:37:58,-35.1,173.7833,53.33,96,100,21.88
402,Sisimiut,GL,2021-07-11 10:37:56,66.9395,-53.6735,47.08,62,100,4.54
403,Chumikan,RU,2021-07-11 10:31:32,54.7183,135.315,50.43,99,100,3.13
404,Maniitsoq,GL,2021-07-11 10:33:07,65.4167,-52.9,44.83,70,100,7.45
405,Manaure,CO,2021-07-11 10:40:22,11.7751,-72.4445,79.59,78,100,18.79
406,Morehead,US,2021-07-11 10:39:48,37.2711,-87.1764,70.14,97,75,0.0
407,San Luis,AR,2021-07-11 10:40:22,-33.295,-66.3356,49.32,54,38,9.19
408,Flin Flon,CA,2021-07-11 10:33:07,54.7682,-101.865,65.75,69,52,6.38
409,Arrecife,ES,2021-07-11 10:33:09,28.963,-13.5477,73.47,83,0,5.75
410,Leninskoye,KZ,2021-07-11 10:40:23,41.7589,69.3864,89.53,17,0,12.48
411,Te Anau,NZ,2021-07-11 10:31:29,-45.4167,167.7167,32.36,93,21,1.16
412,Alappuzha,IN,2021-07-11 10:40:23,9.49,76.3264,77.92,76,100,15.84
413,Araouane,ML,2021-07-11 10:32:17,18.9048,-3.5265,97.75,29,1,5.88
414,Nortelandia,BR,2021-07-11 10:37:56,-14.4547,-56.8028,66.02,47,83,2.46
415,Belvedere Marittimo,IT,2021-07-11 10:40:23,39.6179,15.8617,92.12,60,1,5.68
416,Itarema,BR,2021-07-11 10:33:19,-2.9248,-39.9167,78.94,77,46,13.98
417,Halkirk,CA,2021-07-11 10:40:24,52.2834,-112.1518,58.6,90,15,6.38
418,Coquimbo,CL,2021-07-11 10:33:16,-29.9533,-71.3436,49.73,100,90,3.44
419,Ajdabiya,LY,2021-07-11 10:40:24,30.7554,20.2263,87.76,56,2,15.73
420,Chabahar,IR,2021-07-11 10:40:24,25.2919,60.643,86.41,75,95,17.05
421,San Patricio,US,2021-07-11 10:32:03,28.017,-97.5169,82.83,93,97,6.51
422,Umm Lajj,SA,2021-07-11 10:33:41,25.0213,37.2685,89.56,57,21,14.74
423,Ahipara,NZ,2021-07-11 10:33:33,-35.1667,173.1667,54.3,89,99,17.52
424,Gravdal,NO,2021-07-11 10:40:25,68.1214,13.5031,69.69,64,0,9.22
425,Ishigaki,JP,2021-07-11 10:40:25,24.3448,124.1572,84.33,84,40,6.91
426,Najran,SA,2021-07-11 10:32:49,17.4924,44.1277,102.85,7,40,18.59
427,Weligama,LK,2021-07-11 10:34:17,5.9667,80.4167,81.05,81,100,16.49
428,Alenquer,BR,2021-07-11 10:37:49,-1.9417,-54.7383,77.34,80,83,5.7
429,Abha,SA,2021-07-11 10:40:25,18.2164,42.5053,85.82,30,75,0.0
430,Mandalgovi,MN,2021-07-11 10:38:15,45.7625,106.2708,77.16,39,99,16.71
431,Manhuacu,BR,2021-07-11 10:40:26,-20.2581,-42.0336,62.56,68,0,0.94
432,Madang,PG,2021-07-11 10:32:01,-5.2246,145.7966,79.39,84,23,2.51
433,Iranshahr,IR,2021-07-11 10:40:26,27.2025,60.6848,111.54,20,17,6.91
434,Xiongzhou,CN,2021-07-11 10:40:26,25.1167,114.3,84.09,71,100,3.38
435,Topolobampo,MX,2021-07-11 10:40:26,25.6,-109.05,82.11,76,46,5.88
436,Banda Aceh,ID,2021-07-11 10:37:20,5.5577,95.3222,78.78,82,100,16.62
437,Kamyshlov,RU,2021-07-11 10:40:27,56.8428,62.7111,66.85,57,95,13.13
438,Georgetown,MY,2021-07-11 10:30:16,5.4112,100.3354,78.75,86,20,8.01
439,Urbana,US,2021-07-11 10:40:27,40.1106,-88.2073,68.9,84,90,3.0
440,Dali,CN,2021-07-11 10:40:27,25.7,100.1833,73.74,68,83,6.91
441,Comodoro Rivadavia,AR,2021-07-11 10:37:34,-45.8667,-67.5,39.06,70,0,4.61
442,Ape,LV,2021-07-11 10:40:28,57.5393,26.6929,79.72,64,31,5.19
443,Gariaband,IN,2021-07-11 10:40:28,20.635,82.0614,92.75,54,88,7.11
444,Mackay,AU,2021-07-11 10:33:47,-21.15,149.2,53.58,82,0,6.91
445,Isla Mujeres,MX,2021-07-11 10:36:06,21.2311,-86.731,77.16,83,5,9.01
446,Jintur,IN,2021-07-11 10:40:28,19.6167,76.7,89.29,56,92,4.63
447,Tura,IN,2021-07-11 10:38:00,25.5198,90.2201,80.15,87,100,2.08
448,Saint-Joseph,RE,2021-07-11 10:33:01,-21.3667,55.6167,74.21,72,45,16.22
449,Tukrah,LY,2021-07-11 10:34:21,32.5341,20.5791,85.35,62,30,10.71
450,Vostok,RU,2021-07-11 10:33:10,46.4856,135.8833,65.44,92,52,2.66
451,Ambovombe,MG,2021-07-11 10:40:29,-25.1667,46.0833,76.89,50,0,6.51
452,Noumea,NC,2021-07-11 10:40:29,-22.2763,166.4572,71.01,99,51,13.78
453,Qinhuangdao,CN,2021-07-11 10:40:29,39.9317,119.5883,77.09,87,55,1.52
454,Paragominas,BR,2021-07-11 10:40:29,-2.9667,-47.4833,75.78,81,22,4.47
455,Huarmey,PE,2021-07-11 10:34:04,-10.0681,-78.1522,63.88,86,91,5.77
456,Gleisdorf,AT,2021-07-11 10:40:30,47.1061,15.7127,81.01,56,99,3.69
457,Saint Anthony,US,2021-07-11 10:34:02,45.0205,-93.218,63.72,84,1,0.0
458,Conceicao Do Araguaia,BR,2021-07-11 10:40:30,-8.2578,-49.2647,68.13,83,0,6.91
459,Baijiantan,CN,2021-07-11 10:40:30,45.6333,85.1833,81.05,40,93,27.25
460,Nemuro,JP,2021-07-11 10:40:30,43.3236,145.575,59.67,96,100,9.95
461,Verkhoyansk,RU,2021-07-11 10:40:31,67.5447,133.385,65.79,38,100,4.07
462,Okhotsk,RU,2021-07-11 10:37:36,59.3833,143.3,53.42,93,100,7.31
463,San Jose,US,2021-07-11 10:40:25,37.3394,-121.895,71.71,82,1,8.05
464,Monywa,MM,2021-07-11 10:40:31,22.1167,95.1333,96.33,44,98,1.61
465,Dunedin,NZ,2021-07-11 10:30:15,-45.8742,170.5036,41.81,69,70,4.0
466,Powell River,CA,2021-07-11 10:40:31,49.8496,-124.5361,66.2,86,3,2.64
467,La Reforma,MX,2021-07-11 10:40:32,25.0833,-108.05,79.14,77,28,3.87
468,Shimoda,JP,2021-07-11 10:32:18,34.6667,138.95,76.1,89,1,14.83
469,Vila Franca Do Campo,PT,2021-07-11 10:33:01,37.7167,-25.4333,66.61,85,91,10.18
470,Sambava,MG,2021-07-11 10:31:21,-14.2667,50.1667,73.94,87,53,15.26
471,Severobaykalsk,RU,2021-07-11 10:40:32,55.65,109.3167,55.62,81,100,4.09
472,Sivaki,RU,2021-07-11 10:40:32,52.6333,126.75,68.72,66,81,5.93
473,Bay Roberts,CA,2021-07-11 10:40:33,47.5999,-53.2648,62.51,94,100,2.8
474,Quang Ngai,VN,2021-07-11 10:40:33,15.1167,108.8,84.47,70,32,8.72
475,Kantunilkin,MX,2021-07-11 10:34:13,21.0917,-87.45,76.95,99,35,2.06
476,Vestmanna,FO,2021-07-11 10:37:59,62.1564,-7.1664,52.72,100,90,3.44
477,Omboue,GA,2021-07-11 10:34:02,-1.5746,9.2618,80.6,67,95,7.45
478,San Ignacio,BZ,2021-07-11 10:40:33,17.1561,-89.0714,73.54,94,40,0.0
479,Oudtshoorn,ZA,2021-07-11 10:40:34,-33.5907,22.2014,62.96,27,0,4.14
480,Komsomolskiy,UZ,2021-07-11 10:34:14,40.4272,71.7189,92.12,21,3,6.91
481,Dalbandin,PK,2021-07-11 10:33:19,28.8947,64.4101,109.49,14,8,6.58
482,Lingdong,CN,2021-07-11 10:40:34,46.5669,131.1453,72.34,85,54,3.49
483,Puck,PL,2021-07-11 10:40:34,54.7179,18.4084,79.02,52,16,9.26
484,Karachev,RU,2021-07-11 10:40:34,53.1229,34.9852,85.89,41,12,1.12
485,Owerri,NG,2021-07-11 10:40:35,5.4833,7.0304,85.59,61,57,5.66
486,Aleksandrov Gay,RU,2021-07-11 10:34:18,50.147,48.5704,90.68,27,0,15.46
487,Westport,US,2021-07-11 10:37:27,41.1415,-73.3579,72.75,92,90,1.99
488,Tanushimaru,JP,2021-07-11 10:40:35,33.35,130.6833,82.22,75,98,6.24
489,Samarai,PG,2021-07-11 10:32:42,-10.6167,150.6667,79.48,87,55,11.5
490,Darhan,MN,2021-07-11 10:40:35,49.4867,105.9228,80.87,60,32,5.5
491,Port Hardy,CA,2021-07-11 10:30:15,50.6996,-127.4199,51.98,87,20,4.61
492,Gumdag,TM,2021-07-11 10:40:36,39.2061,54.5906,96.75,16,99,3.13
493,Mezhdurechensk,RU,2021-07-11 10:40:36,53.6942,88.0603,80.6,44,99,4.76
494,Nelson Bay,AU,2021-07-11 10:32:47,-32.7167,152.15,57.0,95,57,6.91
495,San Juan,AR,2021-07-11 10:40:36,-31.5375,-68.5364,46.98,69,14,2.42
496,Wadi Musa,JO,2021-07-11 10:40:36,30.3222,35.4793,85.71,29,0,8.7
497,Aksu,CN,2021-07-11 10:32:24,41.1231,80.2644,99.91,12,6,8.84
498,Matinha,BR,2021-07-11 10:40:37,-3.1006,-45.0336,77.14,88,17,3.36
499,Rio Gallegos,AR,2021-07-11 10:37:39,-51.6226,-69.2181,33.85,75,0,24.16
500,Jalu,LY,2021-07-11 10:34:28,29.0331,21.5482,97.09,27,0,9.1
501,Labrea,BR,2021-07-11 10:33:23,-7.2586,-64.7981,71.92,64,100,2.55
502,Port Hedland,AU,2021-07-11 10:31:40,-20.3167,118.5667,73.45,46,75,4.61
503,Pedernales,DO,2021-07-11 10:40:37,18.0384,-71.744,78.22,59,16,4.18
504,Nador,MA,2021-07-11 10:33:56,35.174,-2.9287,75.45,83,90,6.91
505,Jinchang,CN,2021-07-11 10:40:38,38.4953,102.1739,81.73,32,97,6.4
506,Kyzyl-Suu,KG,2021-07-11 10:40:38,42.3414,78.0056,69.15,53,99,4.21
507,Aykhal,RU,2021-07-11 10:33:15,66.0,111.5,47.71,87,100,9.01
508,Markova,UA,2021-07-11 10:40:38,48.6758,24.4138,80.19,50,7,9.24
509,Bonavista,CA,2021-07-11 10:32:32,48.6499,-53.1147,55.4,93,100,5.7
510,Musoma,TZ,2021-07-11 10:40:38,-1.5,33.8,80.62,47,20,0.0
511,Channapatna,IN,2021-07-11 10:40:39,12.65,77.2167,81.32,73,100,17.18
512,Havelock,US,2021-07-11 10:33:42,34.8791,-76.9013,80.58,93,20,1.01
513,Ostrovnoy,RU,2021-07-11 10:31:21,68.0531,39.5131,49.19,69,38,7.74
514,Chkalovskoye,RU,2021-07-11 10:40:39,44.8392,133.0436,71.82,84,38,5.95
515,Plant City,US,2021-07-11 10:36:16,28.0186,-82.1129,77.02,94,1,3.44
516,Mangrol,IN,2021-07-11 10:33:28,21.1167,70.1167,84.16,77,100,16.78
517,Teya,RU,2021-07-11 10:40:39,60.3778,92.6267,59.68,89,100,6.64
518,Belyy Yar,RU,2021-07-11 10:40:40,53.6039,91.3903,78.69,41,0,8.95
519,Galle,LK,2021-07-11 10:40:40,6.0367,80.217,80.91,82,100,18.19
520,Urucara,BR,2021-07-11 10:40:40,-2.5364,-57.76,75.36,84,94,2.46
521,Fairbanks,US,2021-07-11 10:29:24,64.8378,-147.7164,55.24,73,1,0.0
522,Tuscaloosa,US,2021-07-11 10:32:08,33.2098,-87.5692,74.98,98,90,6.91
523,Port Blair,IN,2021-07-11 10:33:31,11.6667,92.75,80.62,82,100,10.47
524,Altamont,US,2021-07-11 10:36:05,42.2068,-121.7372,62.89,66,1,0.0
525,Hasaki,JP,2021-07-11 10:32:05,35.7333,140.8333,72.28,94,10,11.36
526,Bulungu,CD,2021-07-11 10:33:36,-4.55,18.6,97.07,12,2,5.03
527,Kalmunai,LK,2021-07-11 10:40:41,7.4167,81.8167,89.96,49,100,14.63
528,Palana,RU,2021-07-11 10:33:06,59.1167,159.9667,43.59,84,71,3.83
529,Toora-Khem,RU,2021-07-11 10:37:57,52.4675,96.11,71.78,50,86,1.52
530,Bilma,NE,2021-07-11 10:31:39,18.6853,12.9164,102.99,14,5,1.01
531,Loudi,CN,2021-07-11 10:40:41,27.7344,111.9944,86.63,71,92,5.82
532,Oktyabrskoye,RU,2021-07-11 10:40:41,43.0645,44.7417,82.54,37,4,6.71
533,Klyuchi,RU,2021-07-11 10:40:42,52.2667,79.1667,76.8,46,98,8.66
534,Hun,LY,2021-07-11 10:40:42,29.1268,15.9477,100.08,19,0,13.69
535,La Libertad,EC,2021-07-11 10:40:42,-2.2333,-80.9,69.17,85,98,4.03
